song,artists,year
00NAQYOP4AmWR549nnYJZu,"The Weeknd",2016
02x8VKdgfHC383faTfQAxr,"The Weeknd",2012
09mEdoA6zrmBPgTEN5qXmN,"The Weeknd",2018
0a3T2HEIV4jTjhzNkM6eRx,"The Weeknd",2012
0C5WrEPjUYPxVkKyth1Lbz,"The Weeknd",2012
0cAHXlLhQjSKDN6vjc4LD6,"The Weeknd",2012
0d2nqd8iWUX0BpLo6Lg2C8,"The Weeknd",2012
0dcf0L6F1LUA1nE2zWH4J2,"The Weeknd",2012
0ei3uNcwJOiUocuks1vWcb,"The Weeknd",2013
0ifooM33X1iBxVYyOkSbXW,"The Weeknd",2016
0Nwar8rweBUyfyuoyjjUvk,"The Weeknd",2018
0p3sSUXDohjddeKlnvGbCD,"The Weeknd",2012
0VjIjW4GlUZAMYd2vXMi3b,"The Weeknd",2020
0zzc5kYkzTmWmwrn3CTk5v,"The Weeknd",2020
131D82JKDf853plcJlXC3R,"The Weeknd",2012
15k2nBQJ0teDmPZHrOXL2N,"The Weeknd",2016
1FJrsh1NbV9eRw5JQt3M4e,"The Weeknd",2012
1fWHv2gMrEGfBnBvio4yEp,"The Weeknd",2012
1oGdVdYjeQvojGKDddxLQQ,"The Weeknd",2016
1sOW4PuG5X3Ie3EXUhAopJ,"The Weeknd",2020
1yhDPgIPGoe3Bf8wRsK4u7,"The Weeknd",2012
249E7AgSyA4vhtXNEjQYb5,"The Weeknd",2012
27BgDmciSjoxTG0almHTpZ,"The Weeknd",2016
29fTi7Tdh9CiU8HuVDaqVY,"The Weeknd",2012
2BcnxwxBuar5wjCaLqm5N3,"The Weeknd",2020
2Ch7LmS7r2Gy2kc64wv3Bz,"The Weeknd",2016
2K9Ovn1o2bTGqbsABGC6m3,"The Weeknd",2020
2LBqCSwhJGcFQeTHMVGwy3,"The Weeknd",2016
2p8IUWQDrpjuFltbdgLOag,"The Weeknd",2020
2PIvq1pGrUjY007X5y1UpM,"The Weeknd",2014
2QIbiBkgr2pepvCkmWi3Vn,"The Weeknd",2020
31bmr5SE0qrrIPhjGbnwKP,"The Weeknd",2020
323ujVhfSg16TlRK0PB5JY,"The Weeknd",2012
36YCdzT57us0LhDmCYtrNE,"The Weeknd",2016
37F0uwRSrdzkBiuj0D5UHI,"The Weeknd",2016
38uNCW1do0LKfMIt4MDkPo,"The Weeknd",2020
3D7izPzeEcz7lBhcCZJccl,"The Weeknd",2013
3DpeUhOXKCf2Qwy8KMtWSy,"The Weeknd",2012
3H37ijjdmKz0dQLgUGzpjx,"The Weeknd",2012
3hDnFYwpnY0wONZDkYxUsj,"The Weeknd",2012
3orEOtd8CPL8GFlpRpKuoE,"The Weeknd",2020
3PjV4RnfKc42S1wmJKM11G,"The Weeknd",2012
3PsS445MHcmtroGTstfTbm,"The Weeknd",2012
3sk0k4PXonU7K2N4S6FHXF,"The Weeknd",2012
3vFj4xuQTXHOuo6L0qGafv,"The Weeknd",2012
3WKYPmiPpJas9j5Aari5iK,"The Weeknd",2013
3WlbeuhfRSqU7ylK2Ui5U7,"The Weeknd",2020
3XnkZylcAZ86QAiGVnRVy8,"The Weeknd",2020
40U8d12pC5UHqmHwXjHjjl,"The Weeknd",2020
4BGZF4oLbTL0pWm7C18pbv,"The Weeknd",2020
4F7A0DXBrmUAkp32uenhZt,"The Weeknd",2016
4fiYSa6ln7h0scprgNEs0g,"The Weeknd",2012
4fLnXd56RsWN4ZBtb9TegQ,"The Weeknd",2012
4JQpghvT0ZH2WLRqzlPUC7,"The Weeknd",2012
4m0KaNb0ClCOvgThd2Gv2b,"The Weeknd",2012
4mU5iXHeLgbR94siF7p1sY,"The Weeknd",2016
4oeaIftdpT3JuZLcCkKmVE,"The Weeknd",2016
4pHQ9RYFhn3W0ha5KEuMnj,"The Weeknd",2013
4PouRT4KlI9TRHp45uMqdO,"The Weeknd",2012
4ppTAJUbNXELZcoUaL90wo,"The Weeknd",2018
4q66GCtQ5bFPXljPsQ4FcR,"The Weeknd",2012
4yzaniwZb01bp0gT5BYwBv,"The Weeknd",2012
50iiDJGpAPdr2VTrz999XA,"The Weeknd",2012
51LmI5GE3tHKISLNZMjDPC,"The Weeknd",2012
57EfhTf4Y66rO4rIJWRJGY,"The Weeknd",2012
57qiTKh8bVX0VtfUNTQqhw,"The Weeknd",2016
5aFoXADqE288FAlbXYmcy6,"The Weeknd",2020
5ciyqWW5YuGqF4Avu7uwry,"The Weeknd",2020
5dikapPlQPrsT3xUsUjj0N,"The Weeknd",2012
5fohLPNqO6TqwrZ7BoUWUT,"The Weeknd",2012
5idmfDT06TjCQ1SPDsa5qh,"The Weeknd",2013
5oAOK7xCJD8hzp9PuxjULL,"The Weeknd",2013
5QO79kh1waicV47BqGRL3g,"The Weeknd",2020
5Sg09MvHqNWPWsYeuY2toY,"The Weeknd",2020
5ZicFGBDAi9J2YCVesboUp,"The Weeknd",2013
6AirEKLAv80bFaIDKpMi7I,"The Weeknd",2012
6b5P51m8xx2XA6U7sdNZ5E,"The Weeknd",2020
6bnF93Rx87YqUBLSgjiMU8,"The Weeknd",2020
6fRgjqJptZry7fipP2Beyh,"The Weeknd",2012
6kWxIqQDsKFYCJGbU4AjCX,"The Weeknd",2020
6nNr7G34ZmUpyIiYWpQzgP,"The Weeknd",2012
6pDVjCUA3B1vg9waKutAsv,"The Weeknd",2016
6rhbL6MhAej39S8KupwjrC,"The Weeknd",2020
6Rqe6ghJ6t9SlQ2pRrt5tI,"The Weeknd",2012
6t5zloC7h0EQllwYph9brV,"The Weeknd",2020
6u0dQik0aif7FQlrhycG1L,"The Weeknd",2012
6V9TlCdwLeQes4FX5zxz3f,"The Weeknd",2013
6VwBbL8CzPiC4QV66ay7oR,"The Weeknd",2012
7DKS0rX27cCEPsK0R6tFWS,"The Weeknd",2018
7eZ7ODAt9cALYnWLO8F6Fd,"The Weeknd",2012
7GgfQ0edpSP6C7xnX3Y2df,"The Weeknd",2012
7IpDQcksaT8SxS7vOX4SRm,"The Weeknd",2012
7jGr8wzgwOVLuktY66qM5f,"The Weeknd",2013
7szuecWAPwGoV1e5vGu8tl,"The Weeknd",2020
7xqANDRz8JFxkwfY65WISy,"The Weeknd",2012
